date,open_price,high_price,low_price,close_price,volume,Change,code
2022-06-27,12895,13035,12780,12945,1089,0.012910798122065748,310970
2022-06-28,13035,13035,12920,13010,4285,0.005021243723445368,310970
2022-06-29,12910,12910,12820,12835,11145,-0.013451191391237516,310970
2022-06-30,12750,12760,12615,12700,3968,-0.010518114530580491,310970
2022-07-01,12650,12700,12385,12450,2124,-0.019685039370078705,310970
2022-07-04,12425,12505,12355,12470,6479,0.0016064257028112205,310970
2022-07-05,12600,12690,12550,12650,2416,0.014434643143544479,310970
2022-07-06,12615,12615,12425,12425,3272,-0.017786561264822143,310970
2022-07-07,12505,12740,12505,12645,12657,0.017706237424547355,310970
2022-07-08,12790,12845,12745,12750,2873,0.008303677342823335,310970
2022-07-11,12760,12760,12685,12685,85,-0.005098039215686301,310970
2022-07-12,12650,12650,12510,12570,7730,-0.009065825778478476,310970
2022-07-13,12630,12670,12555,12610,10138,0.0031821797931583795,310970
2022-07-14,12600,12640,12575,12595,6088,-0.0011895321173671647,310970
2022-07-15,12595,12725,12495,12725,172,0.0103215561730845,310970
2022-07-18,12825,12980,12825,12980,6232,0.020039292730844815,310970
2022-07-19,12880,12945,12880,12930,38,-0.0038520801232665436,310970
2022-07-20,13170,13170,13025,13045,8204,0.008894044856921912,310970
2022-07-21,13070,13185,13070,13170,1490,0.009582215408202366,310970
2022-07-22,13175,13180,13070,13075,7893,-0.0072133637053910515,310970
2022-07-25,13070,13190,13070,13135,589,0.004588910133843216,310970
2022-07-26,13125,13165,13115,13155,494,0.0015226494099733756,310970
2022-07-27,13130,13180,13090,13170,7095,0.0011402508551880963,310970
2022-07-28,13345,13345,13250,13250,59,0.006074411541381997,310970
2022-07-29,13340,13405,13290,13360,1993,0.008301886792452917,310970
2022-08-01,13285,13320,13245,13315,409,-0.0033682634730538563,310970
2022-08-02,13315,13315,13210,13275,1143,-0.0030041306796845246,310970
2022-08-03,13270,13335,13230,13335,334,0.004519774011299438,310970
2022-08-04,13440,13440,13390,13390,1198,0.00412448443944502,310970
2022-08-05,13480,13510,13465,13465,3151,0.005601194921583286,310970
2022-08-08,13435,13455,13420,13435,149,-0.002227998514667706,310970
2022-08-09,13440,13510,13385,13505,78,0.005210271678451894,310970
2022-08-10,13365,13375,13285,13345,8622,-0.011847463902258437,310970
2022-08-11,13455,13510,13455,13510,4641,0.012364181341326441,310970
2022-08-12,13525,13595,13525,13540,10947,0.0022205773501109416,310970
2022-08-16,13660,13680,13600,13600,9471,0.004431314623338345,310970
2022-08-17,13625,13650,13530,13565,651,-0.0025735294117646967,310970
2022-08-18,13410,13525,13410,13525,3201,-0.002948765204570547,310970
2022-08-19,13475,13485,13440,13445,218,-0.00591497227356752,310970
2022-08-22,13260,13320,13220,13235,10409,-0.015619189289698743,310970
2022-08-23,13165,13165,13065,13090,728,-0.010955799017755896,310970
2022-08-24,13125,13130,13075,13090,451,0.0,310970
2022-08-25,13185,13245,13145,13245,3014,0.011841100076394273,310970
2022-08-26,13375,13375,13275,13280,289,0.002642506606266526,310970
2022-08-29,12970,12970,12930,12935,3177,-0.025978915662650648,310970
2022-08-30,13030,13115,13010,13115,6638,0.013915732508697376,310970
2022-08-31,12990,13275,12980,13275,2157,0.01219977125428895,310970
2022-09-01,13055,13055,12940,12950,2361,-0.024482109227871973,310970
2022-09-02,13005,13005,12840,12840,7859,-0.008494208494208455,310970
2022-09-05,12875,12875,12760,12820,5524,-0.0015576323987538387,310970
2022-09-06,12895,12895,12800,12800,274,-0.0015600624024960652,310970
2022-09-07,12730,12730,12600,12650,444,-0.01171875,310970
2022-09-08,12695,12700,12660,12700,9084,0.0039525691699604515,310970
2022-09-13,12975,13120,12975,13110,14554,0.03228346456692921,310970
2022-09-14,12725,12890,12720,12870,198,-0.01830663615560646,310970
2022-09-15,12840,12855,12745,12745,8019,-0.009712509712509698,310970
2022-09-16,12660,12670,12620,12635,1048,-0.008630835621812438,310970
2022-09-19,12680,12690,12560,12595,6502,-0.003165809259992103,310970
2022-09-20,12705,12710,12600,12620,38,0.001984914648670122,310970
2022-09-21,12550,12550,12460,12495,280,-0.009904912836767088,310970
2022-09-22,12340,12370,12280,12345,12916,-0.01200480192076836,310970
2022-09-23,12310,12310,12190,12225,658,-0.009720534629404587,310970
2022-09-26,12000,12020,11865,11895,4007130,-0.026993865030674802,310970
2022-09-27,11895,11895,11775,11885,3353,-0.0008406893652794789,310970
2022-09-28,11820,11870,11535,11640,3689,-0.02061421960454357,310970
2022-09-29,11835,11840,11655,11705,28172,0.005584192439862523,310970
2022-09-30,11620,11720,11465,11690,3404,-0.001281503630926939,310970
2022-10-04,11850,11900,11850,11875,3056,0.01582549187339599,310970
2022-10-05,12035,12035,11915,11945,283,0.005894736842105175,310970
2022-10-06,12075,12125,12065,12070,1576,0.010464629552113802,310970
2022-10-07,11975,12085,11960,12065,125,-0.00041425020712515526,310970
2022-10-11,11795,11825,11720,11820,1468,-0.020306672192291764,310970
2022-10-12,11880,11945,11830,11945,1932,0.010575296108290999,310970
2022-10-13,11870,11870,11790,11790,4755,-0.012976140644621159,310970
2022-10-14,11930,12060,11930,12030,76,0.020356234096692072,310970
2022-10-17,11910,12080,11910,12070,5382,0.0033250207813799726,310970
2022-10-18,12135,12180,12070,12160,3663,0.0074565037282519064,310970
2022-10-19,12185,12245,12110,12130,468,-0.002467105263157854,310970
2022-10-20,11925,12000,11920,11990,4000179,-0.01154163231657046,310970
2022-10-21,12015,12060,11970,12020,231,0.002502085070892335,310970
2022-10-24,12210,12220,12095,12095,1150,0.006239600665557399,310970
2022-10-25,12170,12210,12130,12130,2455,0.0028937577511367607,310970
2022-10-26,12205,12325,12200,12255,7046,0.010305028854080689,310970
2022-10-27,12330,12450,12330,12430,1407,0.01427988576091388,310970
2022-10-28,12390,12440,12290,12295,719,-0.010860820595333887,310970
2022-10-31,12500,12610,12490,12610,1586,0.025620170801138764,310970
2022-11-01,12525,12680,12525,12670,27989,0.004758128469468659,310970
2022-11-02,12630,12650,12630,12630,62,-0.0031570639305446013,310970
2022-11-03,12420,12630,12415,12585,1090,-0.0035629453681710332,310970
2022-11-04,12540,12660,12475,12660,29,0.005959475566150285,310970
2022-11-07,12705,12790,12705,12785,6600521,0.009873617693522796,310970
2022-11-08,12890,12985,12880,12955,3903747,0.01329683222526401,310970
2022-11-09,13060,13130,13025,13130,5429,0.013508297954457849,310970
2022-11-10,13040,13070,12945,12945,1624,-0.014089870525514137,310970
2022-11-11,13335,13445,13320,13410,2632,0.035921205098493614,310970
2022-11-14,13415,13420,13330,13330,3653,-0.005965697240865042,310970
2022-11-15,13365,13365,13265,13350,850,0.0015003750937734317,310970
2022-11-16,13235,13350,13210,13325,141,-0.0018726591760299671,310970
2022-11-17,13225,13260,13140,13140,9785,-0.013883677298311414,310970
2022-11-18,13205,13295,13110,13165,2023,0.0019025875190259445,310970
2022-11-21,13115,13115,12965,13010,400,-0.011773642233194104,310970
2022-11-22,12985,12985,12920,12920,15200734,-0.006917755572636408,310970
2022-11-23,13050,13050,12965,13020,1934,0.007739938080495445,310970
2022-11-24,13090,13145,13090,13140,15400063,0.009216589861751112,310970
2022-11-25,13165,13165,13090,13105,10936,-0.0026636225266362112,310970
2022-11-28,13045,13045,12915,12945,9706980,-0.01220908050362457,310970
2022-11-29,12930,13055,12910,13055,1103,0.008497489378138212,310970
2022-11-30,13035,13395,13035,13395,2898,0.026043661432401333,310970
2022-12-01,13450,13475,13300,13315,1681,-0.005972377752892832,310970
2022-12-02,13205,13205,13055,13055,414,-0.019526849417949688,310970
2022-12-05,13055,13075,12935,12945,2679,-0.008425890463424013,310970
2022-12-06,12925,12935,12775,12825,19564,-0.009269988412514474,310970
2022-12-07,12725,12800,12725,12745,155,-0.006237816764132598,310970
2022-12-08,12755,12755,12655,12730,211,-0.0011769321302471658,310970
2022-12-09,12760,12880,12760,12865,776,0.01060487038491753,310970
2022-12-12,12770,12805,12755,12785,731,-0.0062184220753983555,310970
2022-12-13,12850,12850,12720,12770,1410,-0.001173249902229223,310970
2022-12-14,12810,12900,12810,12900,896,0.010180109631949819,310970
2022-12-15,12835,12840,12705,12710,6673,-0.014728682170542684,310970
2022-12-16,12510,12705,12510,12705,2079,-0.0003933910306844757,310970
2022-12-19,12650,12685,12620,12635,719,-0.0055096418732781816,310970
2022-12-20,12545,12610,12510,12560,394,-0.005935892362485151,310970
2022-12-21,12620,12620,12475,12510,965,-0.00398089171974525,310970
2022-12-22,12525,12660,12525,12650,2362,0.011191047162270262,310970
2022-12-23,12540,12540,12435,12470,27063,-0.014229249011857736,310970
2022-12-26,12430,12450,12410,12450,58,-0.001603849238171584,310970
2022-12-27,12560,12560,12470,12540,21175,0.0072289156626506035,310970
2022-12-28,12465,12470,12365,12400,3831,-0.011164274322169043,310970
2022-12-29,12325,12345,12170,12225,2311,-0.014112903225806495,310970
2023-01-02,12230,12290,12095,12120,321806,-0.008588957055214674,310970
2023-01-03,12125,12170,11905,12120,385028,0.0,310970
2023-01-04,12110,12415,12080,12380,388455,0.021452145214521545,310970
2023-01-05,12515,12555,12400,12480,405982,0.008077544426494443,310970
2023-01-06,12475,12690,12475,12665,456724,0.01482371794871784,310970
2023-01-09,12840,12990,12835,12990,476214,0.025661271219897364,310970
2023-01-10,12980,13055,12930,12985,461238,-0.00038491147036179285,310970
2023-01-11,13085,13095,12955,13000,484864,0.0011551790527530859,310970
2023-01-12,13075,13075,12965,13045,487771,0.003461538461538405,310970
2023-01-13,13115,13190,13070,13125,7575,0.006132617861249523,310970
2023-01-16,13220,13290,13170,13255,13668,0.00990476190476186,310970
2023-01-17,13225,13235,13080,13120,17482,-0.010184835910976964,310970
2023-01-18,13080,13085,12980,13030,1536,-0.006859756097560954,310970
2023-01-19,13030,13125,13020,13125,1300,0.007290867229470477,310970
2023-01-20,13125,13195,13100,13180,1862,0.0041904761904763,310970
2023-01-25,13485,13485,13380,13445,1068,0.02010622154779962,310970
2023-01-26,13500,13690,13485,13690,2642,0.01822238750464855,310970
2023-01-27,13705,13845,13655,13800,13933,0.008035062089116085,310970
2023-01-30,13780,13800,13530,13585,7992,-0.015579710144927539,310970
2023-01-31,13585,13585,13275,13315,1819399,-0.019874861980125114,310970
2023-02-01,13415,13475,13385,13475,4582,0.01201652271873832,310970
2023-02-02,13670,13680,13545,13645,1491,0.01261595547309824,310970
2023-02-03,13575,13725,13575,13710,4055,0.004763649688530602,310970
2023-02-06,13650,13650,13415,13415,6755,-0.02151714077315825,310970
2023-02-07,13415,13505,13415,13450,16300,0.002609019754006736,310970
2023-02-08,13555,13720,13555,13680,2302869,0.017100371747211796,310970
2023-02-09,13690,13700,13590,13695,1176,0.0010964912280702066,310970
2023-02-10,13685,13685,13540,13605,2033,-0.006571741511500528,310970
2023-02-13,13585,13590,13485,13565,395040,-0.0029400955531054818,310970
2023-02-14,13635,13720,13620,13650,9687,0.006266126059712551,310970
2023-02-15,13650,13650,13385,13420,36798,-0.0168498168498169,310970
2023-02-16,13520,13665,13515,13665,37366,0.018256333830104277,310970
2023-02-17,13610,13640,13505,13510,24246,-0.011342846688620511,310970
2023-02-20,13540,13600,13415,13580,17996,0.005181347150259086,310970
2023-02-21,13610,13610,13495,13575,22111,-0.0003681885125184081,310970
2023-02-22,13495,13495,13300,13305,17070,-0.019889502762430955,310970
2023-02-23,13380,13510,13380,13475,34271,0.012777151446824453,310970
2023-02-24,13570,13850,13345,13365,72194,-0.008163265306122436,310970
2023-02-27,13315,13315,13130,13245,5124862,-0.008978675645342271,310970
2023-02-28,13275,13370,13240,13295,8417970,0.0037750094375235133,310970
2023-03-02,13355,13405,13265,13320,18488,0.0018804061677322181,310970
2023-03-03,13320,13375,13295,13355,7808,0.0026276276276275823,310970
2023-03-06,13425,13585,13425,13585,13325,0.0172220142268813,310970
2023-03-07,13625,13625,13525,13540,3335,-0.0033124769966875744,310970
2023-03-08,13470,13470,13315,13355,2488,-0.013663220088626304,310970
2023-03-09,13375,13385,13245,13290,4006304,-0.004867090977162092,310970
2023-03-10,13180,13180,13065,13120,25568,-0.012791572610985735,310970
2023-03-13,13255,13280,13050,13280,6716215,0.012195121951219523,310970
2023-03-14,13200,13200,12930,12945,5442121,-0.025225903614457867,310970
2023-03-15,13115,13185,13050,13100,3927,0.011973735032831279,310970
2023-03-16,12950,13100,12910,13075,24141,-0.001908396946564861,310970
2023-03-17,13260,13260,13125,13205,26556,0.009942638623327005,310970
2023-03-20,13195,13265,13100,13100,9707837,-0.007951533510034081,310970
2023-03-21,13200,13200,13095,13135,1897,0.0026717557251907387,310970
2023-03-22,13265,13320,13220,13315,1341,0.013703844689760158,310970
2023-03-23,13225,13385,13190,13385,1496,0.00525722868944789,310970
2023-03-24,13430,13430,13270,13360,3154,-0.0018677624206201449,310970
2023-03-27,13310,13310,13220,13280,2223,-0.005988023952095856,310970
2023-03-28,13325,13415,13310,13415,1904,0.01016566265060237,310970
2023-03-29,13400,13440,13345,13440,1084,0.00186358553857624,310970
2023-03-30,13545,13600,13470,13515,15313740,0.005580357142857206,310970
2023-03-31,13555,13760,13555,13760,7692,0.018128005919348933,310970
2023-04-03,13760,13760,13620,13645,2205,-0.00835755813953487,310970
2023-04-04,13645,13720,13645,13675,3490739,0.0021986075485525003,310970
2023-04-05,13625,13785,13625,13770,1524829,0.006946983546617824,310970
2023-04-06,13680,13680,13540,13540,686,-0.016702977487291215,310970
2023-04-07,13655,13800,13655,13760,13304,0.01624815361890697,310970
2023-04-10,13815,14025,13785,13980,3642,0.015988372093023173,310970
2023-04-11,14000,14170,14000,14155,9912194,0.012517882689556448,310970
2023-04-12,14170,14210,14090,14195,2988,0.0028258565877781194,310970
2023-04-13,14115,14215,14095,14195,10074,0.0,310970
2023-04-14,14295,14300,14175,14260,103025,0.0045790771398379615,310970
2023-04-17,14235,14235,14175,14220,1992367,-0.0028050490883591017,310970
2023-04-18,14280,14280,14155,14260,85928,0.002812939521800173,310970
2023-04-19,14260,14290,14190,14190,70492,-0.004908835904628317,310970
2023-04-20,14190,14220,14100,14165,4067176,-0.0017618040873854657,310970
2023-04-21,14160,14165,14045,14095,117908,-0.004941757853865192,310970
2023-04-24,14065,14080,13975,13975,8097798,-0.008513657325292634,310970
2023-04-25,14025,14060,13690,13810,453041,-0.011806797853309514,310970
2023-04-26,13840,13855,13760,13760,55942,-0.003620564808110016,310970
2023-04-27,13825,13875,13690,13870,69519,0.007994186046511587,310970
2023-04-28,13925,14030,13905,14030,61854,0.011535688536409516,310970
2023-05-02,14020,14045,13960,14010,103544,-0.0014255167498218313,310970
2023-05-03,13965,13965,13880,13930,74285,-0.005710206995003575,310970
2023-05-04,13880,13895,13815,13860,75753,-0.005025125628140725,310970
2023-05-08,14000,14035,13980,14020,82832,0.011544011544011523,310970
2023-05-09,14000,14000,13925,13980,92928,-0.0028530670470755526,310970
2023-05-10,13970,13970,13810,13885,118063,-0.006795422031473541,310970
2023-05-11,13895,13965,13815,13835,108604,-0.003601008282319018,310970
2023-05-12,13795,13810,13730,13775,73075,-0.004336826888326706,310970
2023-05-15,13760,13775,13655,13770,85718,-0.0003629764065335994,310970
2023-05-16,13905,13930,13810,13860,110779,0.006535947712418277,310970
2023-05-17,13860,13935,13860,13935,110125,0.005411255411255311,310970
2023-05-18,14065,14065,13975,14030,99646,0.006817366343738751,310970
2023-05-19,14130,14235,14130,14235,95101,0.014611546685673549,310970
2023-05-22,14210,14380,14210,14315,33871,0.005619950825430209,310970
2023-05-23,14335,14440,14335,14385,63251,0.004889975550122161,310970
2023-05-24,14340,14355,14320,14355,4990,-0.002085505735140769,310970
2023-05-25,14410,14415,14305,14335,2600,-0.0013932427725531493,310970
2023-05-26,14345,14440,14345,14375,1517,0.002790373212417263,310970
2023-05-30,14530,14615,14530,14605,3107706,0.016000000000000014,310970
2023-05-31,14570,14645,14505,14565,4044,-0.002738788086271815,310970
2023-06-01,14490,14510,14415,14480,2757,-0.005835907998626877,310970
2023-06-02,14570,14690,14560,14690,6153,0.014502762430939287,310970
2023-06-05,14810,14810,14665,14730,9207,0.002722940776038074,310970
2023-06-07,14705,14780,14660,14660,13024,-0.004752206381534285,310970
2023-06-08,14660,14660,14560,14645,2045,-0.0010231923601636828,310970
2023-06-09,14680,14870,14680,14870,2147,0.015363605326049745,310970
2023-06-12,14860,14890,14730,14780,2299,-0.0060524546065904294,310970
2023-06-13,14820,14880,14805,14845,666,0.004397834912043264,310970
2023-06-14,14830,14855,14730,14750,3345,-0.006399461098012815,310970
2023-06-15,14770,14820,14670,14695,4386,-0.003728813559322086,310970
2023-06-16,14720,14750,14685,14745,161,0.003402517863218879,310970
2023-06-19,14685,14705,14630,14685,2069,-0.004069175991861629,310970
2023-06-20,14605,14640,14565,14640,1033,-0.003064351378958108,310970
2023-06-21,14605,14605,14455,14515,1914,-0.008538251366120186,310970
2023-06-22,14425,14570,14425,14570,3181,0.003789183603169155,310970
2023-06-23,14575,14610,14470,14505,48864,-0.004461221688400796,310970
2023-06-26,14435,14585,14435,14585,11380,0.005515339538090247,310970
2023-06-27,14555,14555,14485,14510,31405,-0.005142269454919468,310970
2023-06-28,14555,14560,14425,14470,10704,-0.002756719503790528,310970
2023-06-29,14465,14600,14460,14460,57818,-0.0006910850034553828,310970
2023-06-30,14445,14565,14365,14565,3163,0.007261410788381717,310970
2023-07-03,14540,14730,14540,14730,31407,0.011328527291452062,310970
2023-07-04,14725,14745,14670,14695,485,-0.002376103190767087,310970
2023-07-05,14690,14700,14575,14585,1066,-0.007485539299081356,310970
2023-07-06,14550,14555,14440,14465,2604,-0.00822763112787106,310970
2023-07-07,14410,14410,14225,14275,1035,-0.013135153819564427,310970
2023-07-10,14310,14310,14190,14230,1542,-0.0031523642732048662,310970
2023-07-11,14315,14465,14310,14465,1019,0.016514406184118036,310970
2023-07-12,14420,14525,14420,14525,1353,0.0041479433114413045,310970
2023-07-13,14610,14700,14610,14660,5590,0.009294320137693601,310970
2023-07-14,14685,14860,14685,14855,2376,0.013301500682128209,310970
2023-07-17,14810,14870,14805,14860,683,0.0003365870077414179,310970
2023-07-18,14875,14875,14725,14800,2368,-0.004037685060565233,310970
2023-07-19,14835,14850,14740,14835,1082,0.0023648648648648685,310970
2023-07-20,14750,14790,14700,14775,3533,-0.004044489383215333,310970
2023-07-21,14595,14775,14555,14775,14139,0.0,310970
2023-07-24,14750,14930,14725,14920,1745,0.009813874788494159,310970
2023-07-25,14910,14960,14855,14960,1874,0.002680965147453085,310970
2023-07-26,14965,14970,14670,14805,9266,-0.010360962566844933,310970
2023-07-27,14800,14910,14730,14855,2539,0.0033772374197906796,310970
2023-07-28,14860,14860,14735,14845,1473,-0.0006731740154829469,310970
2023-07-31,14915,14995,14890,14995,25330,0.010104412260020235,310970
2023-08-01,14960,15130,14960,15130,31225,0.009003001000333466,310970
2023-08-02,15070,15070,14760,14820,1804,-0.020489094514210215,310970
2023-08-03,14820,14820,14640,14735,2424,-0.005735492577597867,310970
2023-08-04,14705,14705,14645,14670,15705,-0.004411265693926025,310970
2023-08-07,14615,14695,14575,14580,16002090,-0.006134969325153339,310970
2023-08-08,14630,14630,14440,14495,1510,-0.005829903978052164,310970
2023-08-09,14535,14675,14535,14670,7002,0.012073128665056831,310970
2023-08-10,14600,14600,14515,14570,5913,-0.0068166325835037345,310970
2023-08-11,14600,14655,14500,14500,1551,-0.0048043925875085325,310970
2023-08-14,14505,14515,14325,14390,1651,-0.0075862068965517615,310970
2023-08-16,14290,14290,14140,14175,1371,-0.014940931202223728,310970
2023-08-17,14080,14150,13940,14110,18673,-0.004585537918871285,310970
2023-08-18,14050,14120,13955,14025,6699,-0.0060240963855421326,310970
2023-08-21,14120,14165,14080,14080,577,0.0039215686274509665,310970
2023-08-22,14200,14215,14100,14100,621,0.0014204545454545858,310970
2023-08-23,14140,14140,14050,14055,1147,-0.0031914893617021045,310970
2023-08-24,14225,14310,14225,14275,4269,0.015652792600498122,310970
2023-08-25,14145,14185,14050,14185,899,-0.0063047285464098435,310970
2023-08-28,14270,14270,14205,14265,286,0.005639760310186759,310970
2023-08-29,14310,14310,14255,14270,2270,0.000350508236943492,310970
2023-08-30,14385,14430,14315,14315,1606,0.0031534688156973356,310970
2023-08-31,14330,14385,14230,14385,2269,0.004889975550122161,310970
2023-09-01,14305,14455,14300,14425,1924,0.0027806743135210255,310970
2023-09-04,14460,14570,14415,14570,2709,0.01005199306759108,310970
2023-09-05,14540,14540,14460,14485,571,-0.005833905284831853,310970
2023-09-06,14480,14495,14370,14370,1520,-0.00793924749741115,310970
2023-09-07,14395,14395,14265,14300,2077,-0.004871259568545616,310970
2023-09-08,14300,14330,14195,14330,906,0.002097902097902171,310970
2023-09-11,14345,14345,14255,14295,265,-0.00244242847173759,310970
2023-09-12,14330,14340,14210,14270,1197,-0.0017488632388946712,310970
2023-09-13,14285,14320,14220,14275,646,0.0003503854239663706,310970
2023-09-14,14300,14480,14275,14480,573,0.01436077057793339,310970
2023-09-15,14425,14645,14425,14585,3852,0.007251381215469532,310970
2023-09-18,14510,14535,14430,14430,284,-0.010627356873500138,310970
2023-09-19,14440,14465,14330,14330,218,-0.006930006930006893,310970
2023-09-20,14375,14400,14305,14350,4592,0.0013956734124214165,310970
2023-09-21,14300,14305,14130,14130,485,-0.015331010452961702,310970
2023-09-22,14000,14095,13960,14075,1417,-0.0038924274593064023,310970
2023-09-25,14065,14085,13950,13995,7112,-0.005683836589698066,310970
2023-09-26,14070,14070,13875,13875,566,-0.008574490889603381,310970
2023-09-27,13805,13955,13780,13955,4290,0.005765765765765707,310970
2023-10-04,13720,13720,13490,13545,4106,-0.029380150483697576,310970
2023-10-05,13660,13660,13530,13530,639,-0.001107419712070845,310970
2023-10-06,13570,13575,13520,13530,414,0.0,310970
2023-10-10,13665,13725,13515,13515,554,-0.0011086474501108556,310970
2023-10-11,13670,13890,13670,13755,1158,0.017758046614872347,310970
2023-10-12,13845,13960,13845,13945,215,0.013813158851326834,310970
2023-10-13,13875,13890,13795,13855,301,-0.006453926138400901,310970
2023-10-16,13800,13800,13645,13745,550,-0.007939372067845563,310970
2023-10-17,13835,13930,13820,13920,2016,0.012731902510003668,310970
2023-10-18,13885,13940,13870,13930,92,0.0007183908045977905,310970
2023-10-19,13800,13800,13675,13680,1375,-0.017946877243359638,310970
2023-10-20,13600,13600,13440,13515,1604,-0.01206140350877194,310970
2023-10-23,13510,13510,13400,13405,318,-0.008139104698483113,310970
2023-10-24,13440,13550,13255,13550,938,0.010816859380827992,310970
2023-10-25,13590,13590,13415,13415,490,-0.009963099630996286,310970
2023-10-26,13180,13200,13000,13035,1550,-0.028326500186358516,310970
2023-10-27,13080,13135,13000,13025,1016,-0.0007671653241273502,310970
2023-10-30,12990,13090,12950,13050,1234,0.0019193857965451588,310970
2023-10-31,13080,13080,12895,12965,5891,-0.006513409961685812,310970
2023-11-01,13020,13095,12985,13085,5233,0.009255688391824224,310970
2023-11-02,13235,13365,13235,13360,10136,0.021016431027894633,310970
2023-11-03,13435,13485,13395,13480,2777,0.008982035928143617,310970
2023-11-06,13715,14215,13705,14215,22301,0.05452522255192882,310970
2023-11-07,14155,14155,13750,13960,21905,-0.0179387970453746,310970
2023-11-08,13960,13980,13700,13740,15781,-0.015759312320916874,310970
2023-11-09,13735,13790,13665,13735,5301,-0.0003639010189228076,310970
2023-11-10,13680,13685,13565,13635,460,-0.007280669821623564,310970
2023-11-13,13815,13815,13595,13610,30708,-0.001833516685001868,310970
2023-11-14,13735,13855,13735,13795,12208,0.013592946362968483,310970
2023-11-15,14030,14130,14025,14075,11002,0.02029720913374411,310970
2023-11-16,14140,14145,14075,14080,4398,0.00035523978685603197,310970
2023-11-17,14020,14050,13995,14030,4686,-0.0035511363636363535,310970
2023-11-20,14030,14170,14030,14140,2496,0.00784034212401985,310970
2023-11-21,14160,14255,14160,14185,4904,0.0031824611032531536,310970
2023-11-22,14125,14220,14060,14210,6370,0.0017624250969334732,310970
2023-11-23,14210,14240,14175,14215,425,0.00035186488388450066,310970
2023-11-24,14275,14275,14075,14075,2903,-0.009848751319029181,310970
2023-11-27,14120,14135,14010,14050,267,-0.001776198934280604,310970
2023-11-28,14120,14225,14105,14225,7409,0.01245551601423478,310970
2023-11-29,14125,14220,14110,14215,5351,-0.0007029876977152627,310970
2023-11-30,14185,14325,14165,14325,7692,0.007738304607808555,310970
2023-12-01,14215,14215,14120,14145,8627,-0.012565445026177957,310970
2023-12-04,14255,14280,14190,14235,1194,0.006362672322375307,310970
2023-12-05,14200,14200,14050,14050,8197,-0.012996136283807469,310970
2023-12-06,14130,14155,14095,14115,1054,0.00462633451957295,310970
2023-12-07,14015,14060,13960,14015,4965,-0.007084661707403517,310970
2023-12-08,14100,14250,14100,14205,8357,0.013556903317873736,310970
2023-12-11,14220,14275,14210,14270,21345,0.00457585357268564,310970
2023-12-12,14305,14390,14305,14375,13920,0.007358093903293561,310970
2023-12-13,14335,14335,14210,14215,10380,-0.011130434782608667,310970
2023-12-14,14395,14465,14355,14435,9033997,0.015476609215617332,310970
2023-12-15,14465,14615,14455,14510,9857,0.005195704883962593,310970
2023-12-18,14515,14555,14485,14540,588,0.002067539627842896,310970
2023-12-19,14485,14545,14485,14545,770,0.0003438789546079679,310970
2023-12-20,14625,14825,14625,14820,5377,0.01890684083877625,310970
2023-12-21,14750,14775,14640,14700,2586,-0.0080971659919028,310970
2023-12-22,14810,14885,14740,14740,8790,0.0027210884353741083,310970
2023-12-26,14745,14790,14730,14775,9272,0.002374491180461291,310970
2023-12-27,14825,14990,14825,14990,7663,0.014551607445008496,310970
2023-12-28,14990,15305,14975,15305,14134,0.02101400933955966,310970
2024-01-02,15220,15410,15190,15385,32968,0.0052270499836655215,310970
2024-01-03,15245,15245,14950,14950,8469,-0.02827429314267138,310970
2024-01-04,14765,14900,14765,14825,1589,-0.00836120401337792,310970
2024-01-05,14785,14855,14785,14830,9892,0.0003372681281619272,310970
2024-01-08,14825,14905,14770,14790,1586,-0.0026972353337828547,310970
2024-01-09,14895,14895,14625,14670,4967,-0.008113590263691739,310970
2024-01-10,14620,14660,14480,14485,2543,-0.012610770279481986,310970
2024-01-11,14420,14575,14420,14500,11943,0.0010355540214015413,310970
2024-01-12,14430,14500,14340,14340,3581,-0.011034482758620734,310970
2024-01-15,14340,14465,14340,14440,9698,0.0069735006973501434,310970
2024-01-16,14330,14395,14235,14250,8986,-0.013157894736842146,310970
2024-01-17,14250,14250,13875,13890,7922,-0.025263157894736876,310970
2024-01-18,13925,13985,13820,13955,12073,0.004679625629949502,310970
2024-01-19,14080,14175,14075,14125,1885,0.012182013615191778,310970
2024-01-22,14260,14260,14150,14155,2005,0.00212389380530964,310970
2024-01-23,14165,14195,14100,14190,1323,0.0024726245143058545,310970
2024-01-24,14160,14160,14040,14115,2540,-0.005285412262156397,310970
2024-01-25,14120,14145,14050,14140,1199,0.0017711654268508514,310970
2024-01-26,14090,14295,14090,14180,677,0.0028288543140029265,310970
2024-01-29,14205,14430,14205,14355,1106,0.012341325811001447,310970
2024-01-30,14430,14485,14290,14325,3428,-0.002089864158829724,310970
2024-01-31,14250,14280,14205,14270,3386,-0.0038394415357766443,310970
2024-02-01,14235,14530,14235,14530,5687,0.01822004204625083,310970
2024-02-02,14485,14975,14485,14975,8089,0.030626290433585668,310970
2024-02-05,14900,14900,14635,14815,10398,-0.010684474123539234,310970
2024-02-06,14770,14820,14635,14720,1865,-0.006412419844751938,310970
2024-02-07,14770,15050,14770,14970,4909,0.016983695652173836,310970
2024-02-08,14975,15060,14960,14965,1139,-0.00033400133600536286,310970
2024-02-13,15135,15250,15135,15190,41124,0.015035081857667887,310970
2024-02-14,14980,15045,14925,15025,1377,-0.01086240947992101,310970
2024-02-15,15080,15140,14950,14970,1643,-0.003660565723793696,310970
2024-02-16,15045,15105,14980,15105,17006,0.009018036072144353,310970
2024-02-19,15100,15335,15100,15300,25963,0.012909632571995955,310970
2024-02-20,15300,15300,15100,15150,1948,-0.009803921568627416,310970
2024-02-21,15120,15220,15085,15115,649,-0.0023102310231023493,310970
2024-02-22,15215,15215,15170,15210,644,0.006285147204763586,310970
2024-02-23,15320,15360,15240,15240,3672,0.0019723865877712132,310970
2024-02-26,15155,15185,15025,15145,1803,-0.00623359580052496,310970
2024-02-27,15115,15155,14975,14975,8583,-0.011224826675470423,310970
2024-02-28,15030,15245,15030,15235,26543,0.017362270450751227,310970
2024-02-29,15190,15245,15100,15245,1049,0.0006563833278634412,310970
2024-03-04,15340,15520,15340,15515,20634,0.01771072482781233,310970
2024-03-05,15460,15500,15320,15320,1349,-0.012568482114083124,310970
2024-03-06,15285,15285,15180,15210,793,-0.007180156657963455,310970
2024-03-07,15255,15320,15185,15255,3669,0.002958579881656709,310970
2024-03-08,15395,15500,15395,15470,1848,0.014093739757456536,310970
2024-03-11,15450,15450,15335,15365,27796,-0.006787330316742057,310970
2024-03-12,15375,15505,15375,15505,466,0.009111617312072884,310970
2024-03-13,15555,15655,15530,15570,4193,0.0041921960657851365,310970
2024-03-14,15585,15720,15585,15675,2888,0.00674373795761074,310970
2024-03-15,15655,15655,15445,15445,938,-0.014673046251993616,310970
2024-03-18,15475,15500,15395,15490,9461,0.002913564260278445,310970
2024-03-19,15490,15490,15280,15370,13471,-0.007746933505487386,310970
2024-03-20,15465,15635,15465,15620,500,0.01626545217957065,310970
2024-03-21,15880,16080,15865,16065,12018,0.028489116517285584,310970
2024-03-22,16120,16140,15970,16055,18481,-0.0006224712107064656,310970
2024-03-25,16115,16155,15970,16040,1524,-0.0009342883836811477,310970
2024-03-26,16125,16305,16125,16155,6180,0.007169576059850469,310970
2024-03-27,16155,16210,16120,16130,673,-0.0015475085112968134,310970
2024-03-28,16130,16210,16130,16155,6393,0.001549907005579776,310970
2024-03-29,16190,16290,16180,16290,30277,0.008356545961002881,310970
2024-04-01,16405,16405,16185,16190,6092,-0.006138735420503361,310970
2024-04-02,16265,16315,16190,16255,3451,0.004014823965410752,310970
2024-04-03,16185,16185,15985,15995,2336,-0.015995078437403887,310970
2024-04-04,16220,16220,16115,16205,1013,0.013129102844638973,310970
2024-04-05,16115,16155,16015,16020,569,-0.01141622955877819,310970
2024-04-08,16125,16125,16070,16095,7295,0.004681647940074862,310970
2024-04-09,16200,16205,15945,15945,4367,-0.009319664492078328,310970
2024-04-11,15765,16050,15760,15990,2337,0.002822201317027373,310970
2024-04-12,16005,16015,15825,15885,3522,-0.0065666041275797005,310970
2024-04-15,15745,15760,15600,15755,4834,-0.008183821214982734,310970
2024-04-16,15630,15630,15320,15435,4230,-0.020311012377023152,310970
2024-04-17,15515,15515,15215,15245,3305,-0.012309685779073543,310970
2024-04-18,15270,15455,15265,15455,316,0.013775008199409688,310970
2024-04-19,15290,15290,14960,15170,9001447,-0.0184406340989971,310970
2024-04-22,15365,15375,15245,15360,1972,0.012524719841793042,310970
2024-04-23,15430,15430,15315,15335,1125,-0.0016276041666666297,310970
2024-04-24,15610,15690,15505,15610,644,0.01793283338767515,310970
2024-04-25,15515,15520,15380,15380,1334,-0.014734144778987823,310970
2024-04-26,15585,15585,15510,15530,5240,0.00975292587776333,310970
2024-04-29,15675,15685,15600,15635,1304,0.006761107533805433,310970
2024-04-30,15740,15825,15730,15745,874,0.007035497281739689,310970
2024-05-02,15745,15745,15640,15680,18047,-0.004128294696729151,310970
2024-05-03,15825,15825,15615,15615,1598,-0.004145408163265252,310970
2024-05-07,15930,15985,15895,15960,559,0.022094140249759864,310970
2024-05-08,15960,16035,15960,16035,5115,0.0046992481203007586,310970
2024-05-09,16040,16045,15810,15860,4563,-0.010913626442157764,310970
2024-05-10,15980,16000,15875,15875,141,0.0009457755359394415,310970
2024-05-13,15945,15945,15750,15800,1095,-0.0047244094488189115,310970
2024-05-14,15910,15910,15815,15825,3439,0.0015822784810126667,310970
2024-05-16,16145,16145,15965,15975,1959,0.009478672985782088,310970
2024-05-17,15970,15970,15750,15770,5006,-0.012832550860719882,310970
2024-05-20,15940,15940,15820,15820,124,0.003170577045022105,310970
2024-05-21,15865,15865,15750,15750,562,-0.004424778761061954,310970
2024-05-22,15805,15805,15660,15770,737,0.0012698412698413097,310970
2024-05-23,15820,15860,15680,15815,3757,0.0028535193405199166,310970
2024-05-24,15615,15635,15510,15540,2775,-0.01738855516914317,310970
2024-05-27,15615,15770,15525,15765,1506,0.014478764478764505,310970
2024-05-28,15735,15800,15735,15800,381,0.002220107833809104,310970
2024-05-29,15800,15800,15500,15505,4400,-0.018670886075949356,310970
2024-05-30,15430,15460,15215,15215,787,-0.018703643985811036,310970
2024-05-31,15375,15375,15205,15205,2530,-0.0006572461386789019,310970
2024-06-03,15255,15550,15255,15505,13998,0.019730351857941475,310970
2024-06-04,15435,15470,15370,15385,1003,-0.007739438890680406,310970
2024-06-05,15605,15630,15555,15630,2153,0.015924601884952816,310970
2024-06-07,15730,15855,15730,15820,1638,0.012156110044785562,310970
2024-06-10,15720,15740,15655,15690,2924,-0.00821744627054366,310970
2024-06-11,15695,15735,15675,15690,1924,0.0,310970
2024-06-12,15745,15850,15700,15850,989,0.010197578075207048,310970
2024-06-13,16030,16135,16020,16030,5720,0.011356466876971671,310970
2024-06-14,16040,16140,16025,16075,2930,0.002807236431690674,310970
2024-06-17,16065,16065,15910,15925,4639,-0.009331259720062213,310970
2024-06-18,16120,16140,16090,16120,5820,0.012244897959183598,310970
2024-06-19,16275,16350,16215,16330,2010,0.013027295285359841,310970
2024-06-20,16330,16455,16330,16430,2742,0.006123698714023185,310970
2024-06-21,16375,16375,16220,16270,924,-0.009738283627510613,310970
2024-06-24,16205,16225,16105,16140,933,-0.007990165949600447,310970
2024-06-25,16200,16250,16150,16175,1345,0.0021685254027261625,310970
2024-06-26,16235,16345,16190,16345,4052,0.010510046367851578,310970
2024-06-27,16315,16345,16220,16345,93,0.0,310970
2024-06-28,16490,16490,16345,16430,3521,0.005200367084735369,310970
2024-07-01,16410,16460,16390,16445,18353,0.0009129640900791269,310970
2024-07-02,16530,16530,16330,16335,1142,-0.006688963210702337,310970
2024-07-03,16390,16490,16375,16470,1002,0.008264462809917328,310970
2024-07-04,16695,16705,16580,16650,2326,0.010928961748633892,310970
2024-07-05,16910,17075,16845,17070,1706,0.02522522522522519,310970
2024-07-08,17070,17135,17025,17050,3402,-0.0011716461628588082,310970
2024-07-09,17185,17185,16970,17040,3698,-0.0005865102639296405,310970
2024-07-10,17100,17100,16995,17050,1544,0.0005868544600939885,310970
2024-07-11,17135,17240,17075,17090,2641,0.002346041055718562,310970
2024-07-12,17025,17025,16810,16890,2665,-0.011702750146284413,310970
2024-07-15,16960,16980,16815,16960,3217,0.00414446417998815,310970
2024-07-16,16975,17030,16930,16970,5978,0.000589622641509413,310970
2024-07-17,16990,16990,16800,16850,9383,-0.00707130229817321,310970
2024-07-18,16625,16665,16535,16615,7353,-0.013946587537091992,310970
2024-07-19,16605,16605,16390,16530,9122,-0.005115859163406511,310970
2024-07-22,16545,16545,16255,16300,3974,-0.01391409558378709,310970
2024-07-23,16535,16535,16340,16395,1146,0.005828220858895783,310970
2024-07-24,16305,16390,16210,16220,1745,-0.010673985971332733,310970
2024-07-25,16040,16050,15910,15965,2070,-0.015721331689272477,310970
2024-07-26,16085,16090,15965,16040,917,0.00469777638584401,310970
2024-07-29,16215,16260,16145,16230,337,0.011845386533665847,310970
2024-07-30,16140,16140,16040,16080,536,-0.009242144177449174,310970
2024-07-31,16175,16410,16080,16410,2307,0.020522388059701413,310970
2024-08-01,16460,16485,16335,16370,13152,-0.0024375380865325758,310970
2024-08-02,16035,16035,15635,15700,3417,-0.04092852779474654,310970
2024-08-05,15320,15320,13955,14260,8274,-0.09171974522292992,310970
2024-08-06,14930,15025,14610,14715,6457,0.03190743338008417,310970
2024-08-07,14740,15125,14700,14960,4020,0.01664967720013588,310970
2024-08-08,14855,14935,14680,14800,2326,-0.010695187165775444,310970
2024-08-09,15265,15265,15035,15105,1587,0.020608108108108203,310970
2024-08-12,15265,15310,15145,15220,253,0.007613373055279649,310970
2024-08-13,15410,15410,15205,15275,2664,0.0036136662286465615,310970
2024-08-14,15625,15625,15430,15470,2790,0.012765957446808418,310970
2024-08-16,15925,15925,15750,15845,1010,0.02424046541693592,310970
2024-08-19,15845,15845,15620,15710,1564,-0.008520037866834973,310970
2024-08-20,15810,15895,15810,15820,3000,0.007001909611712209,310970
2024-08-21,15820,15820,15715,15765,1767,-0.003476611883691527,310970
2024-08-22,15780,15825,15735,15800,2746,0.002220107833809104,310970
2024-08-23,15805,15845,15750,15840,485,0.0025316455696202667,310970
2024-08-26,15855,15870,15680,15685,1790,-0.00978535353535348,310970
2024-08-27,15705,15705,15625,15645,209,-0.0025502072043352975,310970
2024-08-28,15645,15655,15540,15640,1030,-0.0003195909236177741,310970
2024-08-29,15475,15495,15395,15460,539,-0.011508951406649648,310970
2024-08-30,15480,15585,15480,15565,4715,0.006791720569210957,310970
2024-09-02,15650,15650,15410,15570,621,0.00032123353678126243,310970
2024-09-03,15575,15610,15400,15425,2534,-0.009312780989081615,310970
2024-09-04,15010,15040,14860,14885,2072,-0.03500810372771479,310970
2024-09-05,15020,15030,14755,14780,2025,-0.007054081289889158,310970
2024-09-06,14880,14880,14575,14655,3090,-0.008457374830852515,310970
2024-09-09,14435,14560,14300,14540,1109,-0.007847151142954645,310970
2024-09-10,14540,14540,14460,14465,556,-0.00515818431911963,310970
2024-09-11,14465,14465,14220,14270,7530,-0.013480815762184628,310970
2024-09-12,14475,14630,14475,14630,1371,0.02522775052557824,310970
2024-09-13,14715,14715,14580,14610,638,-0.0013670539986329056,310970
2024-09-19,14640,14640,14395,14625,301,0.0010266940451746365,310970
2024-09-20,14785,14810,14685,14730,1178,0.007179487179487243,310970
2024-09-23,14730,14750,14645,14725,2102,-0.00033944331296675845,310970
2024-09-24,14825,14890,14715,14880,2126,0.010526315789473717,310970
2024-09-25,15000,15000,14740,14775,1772,-0.007056451612903247,310970
2024-09-26,15000,15225,15000,15225,2631,0.030456852791878264,310970
2024-09-27,15225,15365,15125,15125,3146,-0.006568144499178974,310970
2024-09-30,15105,15105,14790,14800,3909,-0.02148760330578514,310970
2024-10-02,14640,14760,14540,14630,1006,-0.011486486486486536,310970
2024-10-04,14635,14725,14590,14645,2036,0.001025290498974707,310970
2024-10-07,14630,14870,14615,14870,627,0.015363605326049745,310970
2024-10-08,14775,14775,14685,14745,357,-0.00840618695359785,310970
2024-10-10,14795,14825,14740,14755,897,0.0006781959986437158,310970
2024-10-11,14825,14830,14755,14770,226,0.0010166045408335211,310970
2024-10-14,14855,14940,14800,14880,3999,0.007447528774543022,310970
2024-10-15,14940,14960,14865,14930,127,0.0033602150537634934,310970
2024-10-16,14750,14860,14745,14805,930,-0.008372404554588098,310970
2024-10-17,14955,14955,14745,14805,1668,0.0,310970
2024-10-18,14805,14805,14660,14730,1080,-0.005065856129685908,310970
2024-10-21,14805,14825,14715,14775,442,0.003054989816700715,310970
2024-10-22,14755,14755,14520,14550,6090,-0.015228426395939132,310970
2024-10-23,14550,14780,14520,14750,318,0.013745704467353903,310970
2024-10-24,14670,14675,14570,14570,926,-0.012203389830508504,310970
2024-10-25,14680,14680,14545,14595,424,0.0017158544955386823,310970
2024-10-28,14595,14740,14595,14740,945,0.009934909215484788,310970
2024-10-29,14690,14765,14655,14765,58,0.0016960651289008588,310970
2024-10-30,14685,14730,14600,14630,7702,-0.009143244158482888,310970
2024-10-31,14600,14600,14415,14430,4594,-0.0136705399863295,310970
2024-11-01,14395,14410,14310,14310,318,-0.008316008316008316,310970
2024-11-04,14360,14620,14360,14620,1035,0.021663172606568804,310970
2024-11-05,14490,14555,14465,14485,99,-0.009233926128590975,310970
2024-11-06,14520,14550,14310,14440,498,-0.003106662064204402,310970
2024-11-07,14360,14495,14310,14430,10828,-0.0006925207756233176,310970
2024-11-08,14575,14575,14395,14420,2524,-0.0006930006930007115,310970
2024-11-11,14390,14390,14170,14215,1423,-0.014216366158113725,310970
2024-11-12,14175,14175,13870,13900,4895,-0.02215969046781574,310970
2024-11-13,13870,13875,13500,13535,1442,-0.026258992805755388,310970
2024-11-14,13540,13610,13450,13450,1752,-0.006280014776505305,310970
2024-11-15,13450,13665,13405,13615,1199,0.012267657992565129,310970
2024-11-18,13770,14065,13770,13925,2348,0.02276900477414623,310970
2024-11-19,14005,14005,13920,13945,210,0.0014362657091562259,310970
2024-11-20,13955,14015,13925,13940,10002529,-0.00035855145213337103,310970
2024-11-21,13940,14100,13900,14030,733,0.0064562410329984665,310970
2024-11-22,14065,14180,14065,14110,1378,0.005702066999287325,310970
2024-11-25,14310,14340,14205,14290,1319,0.01275690999291279,310970
2024-11-26,14275,14295,14225,14225,767,-0.004548635409377222,310970
2024-11-27,14205,14225,14045,14055,14001542,-0.01195079086115991,310970
2024-11-28,14055,14055,13985,14000,1414,-0.003913198150124475,310970
2024-11-29,14000,14000,13660,13810,9462,-0.013571428571428568,310970
2024-12-02,13795,13850,13665,13720,45159,-0.00651701665459814,310970
2024-12-03,13890,13960,13845,13935,10009395,0.015670553935860143,310970
2024-12-04,13760,13810,13620,13760,6374,-0.012558306422676746,310970
2024-12-05,13730,13765,13590,13620,10202115,-0.01017441860465118,310970
2024-12-06,13665,13685,13380,13580,7405402,-0.002936857562408246,310970
2024-12-09,13445,13445,13260,13260,4006964,-0.02356406480117823,310970
2024-12-10,13490,13560,13425,13550,7201,0.02187028657616885,310970
2024-12-11,13550,13650,13515,13640,7302419,0.006642066420664117,310970
2024-12-12,13775,13920,13700,13920,5208029,0.02052785923753664,310970
2024-12-13,13925,13980,13820,13905,8611538,-0.0010775862068965747,310970
2024-12-16,13985,14140,13825,13850,8382,-0.003955411722401991,310970
2024-12-17,13825,13825,13645,13650,1734,-0.014440433212996373,310970
2024-12-18,13735,13880,13735,13880,5101452,0.01684981684981679,310970
2024-12-19,13585,13620,13535,13555,4558,-0.023414985590778148,310970
2024-12-20,13495,13500,13265,13300,4386,-0.018812246403541177,310970
2024-12-23,13555,13590,13415,13530,2257,0.017293233082706694,310970
2024-12-24,13535,13585,13510,13545,2530,0.0011086474501109667,310970
2024-12-26,13560,13605,13475,13485,3071,-0.0044296788482834915,310970
2024-12-27,13490,13515,13355,13490,3322,0.0003707823507601571,310970
2024-12-30,13410,13605,13400,13460,8506,-0.002223869532987366,310970
2025-01-02,13460,13460,13330,13420,4419,-0.002971768202080227,310970
2025-01-03,13545,13780,13545,13685,12456,0.01974664679582716,310970
2025-01-06,13830,14020,13730,14020,4439,0.024479356960175336,310970
2025-01-07,14095,14190,14005,14005,3198,-0.0010699001426534016,310970
2025-01-08,13990,14215,13990,14215,4291,0.014994644769725118,310970
2025-01-09,14215,14290,14170,14200,3198,-0.0010552233556102575,310970
2025-01-10,14195,14205,14140,14155,5285,-0.0031690140845070935,310970
2025-01-13,14145,14145,13920,13930,1732,-0.015895443306252255,310970
2025-01-14,13930,14030,13910,13970,2845,0.002871500358937462,310970
2025-01-15,14140,14140,13950,13950,3171,-0.0014316392269148048,310970
2025-01-16,14170,14220,14120,14125,5254,0.012544802867383575,310970
2025-01-17,14100,14135,14065,14120,4278,-0.000353982300884903,310970
2025-01-20,14130,14185,14070,14070,1587,-0.003541076487252104,310970
2025-01-21,14230,14260,14035,14090,2932,0.001421464108031234,310970
2025-01-22,14160,14300,14150,14300,3031,0.014904187366926891,310970
2025-01-23,14270,14270,14135,14145,525,-0.01083916083916081,310970
2025-01-24,14145,14245,14145,14185,1811,0.0028278543655002597,310970
2025-01-31,14340,14340,13870,14105,5957,-0.00563976031018687,310970
2025-02-03,13865,13865,13585,13710,6855,-0.02800425381070537,310970
2025-02-04,13935,14040,13810,13850,1359,0.010211524434719177,310970
2025-02-05,14090,14090,13975,14005,15404,0.01119133574007214,310970
2025-02-06,14075,14170,14060,14170,3118,0.011781506604783942,310970
2025-02-07,14170,14170,14080,14100,8590,-0.004940014114325986,310970
2025-02-10,14000,14155,13965,14075,6786,-0.0017730496453900457,310970
2025-02-11,14170,14280,14150,14205,5112,0.009236234458259274,310970
2025-02-12,14185,14220,14100,14215,1470,0.0007039774727208847,310970
2025-02-13,14265,14350,14265,14350,2539,0.00949701020049254,310970
2025-02-14,14350,14500,14350,14455,3454,0.007317073170731714,310970
2025-02-17,14460,14540,14460,14530,3417,0.005188516084399852,310970
2025-02-18,14590,14655,14505,14640,2787,0.007570543702684063,310970
2025-02-19,14770,15005,14770,14955,4809,0.021516393442623016,310970
2025-02-20,15010,15010,14805,14805,6384,-0.010030090270812475,310970
2025-02-21,14825,14850,14755,14845,2614,0.002701789935832588,310970
2025-02-24,14750,14770,14665,14770,2897,-0.005052206130010117,310970
2025-02-25,14665,14755,14640,14675,2479,-0.006431956668923489,310970
2025-02-26,14675,14775,14615,14755,1805,0.00545144804088582,310970
2025-02-27,14750,14750,14640,14675,467,-0.005421890884446001,310970
2025-02-28,14490,14500,14145,14185,3089,-0.0333901192504259,310970
2025-03-04,14185,14240,14100,14185,6627,0.0,310970
2025-03-05,14315,14340,14125,14215,10021,0.0021149101163200346,310970
2025-03-06,14380,14380,14285,14310,1352,0.006683081252198297,310970
2025-03-07,14265,14305,14155,14300,5686,-0.0006988120195667857,310970
2025-03-10,14255,14330,14200,14270,10220,-0.00209790209790206,310970
2025-03-11,13985,14165,13930,14135,7549,-0.009460406447091785,310970
2025-03-12,14265,14400,14265,14360,6029,0.015917934205871953,310970
2025-03-13,14455,14525,14265,14265,5211,-0.006615598885793883,310970
2025-03-14,14390,14415,14330,14370,6567,0.007360672975814886,310970
2025-03-17,14540,14690,14515,14650,5441,0.019485038274182243,310970
2025-03-18,14935,14935,14685,14695,5251,0.0030716723549488734,310970
2025-03-19,14790,14935,14790,14865,5526,0.011568560734943834,310970
2025-03-20,15020,15020,14880,14975,2581,0.007399932727884195,310970
2025-03-21,15035,15070,14875,14990,19594,0.0010016694490817546,310970
2025-03-24,15035,15060,14965,14965,2227,-0.0016677785190126748,310970
2025-03-25,15110,15110,14840,14840,1016,-0.0083528232542599,310970
2025-03-26,14995,15070,14935,15030,7944,0.012803234501347793,310970
2025-03-27,14965,15005,14855,14915,8235,-0.007651363938789069,310970
2025-03-28,14875,14875,14590,14600,2468,-0.021119678176332535,310970
2025-03-31,14395,14395,14110,14160,28074,-0.03013698630136985,310970
2025-04-01,14335,14440,14225,14365,1764,0.014477401129943557,310970
2025-04-02,14475,14475,14260,14325,8397,-0.002784545770971092,310970
2025-04-03,13920,14175,13920,14175,4079,-0.010471204188481686,310970
2025-04-04,13960,14250,13815,13990,13350,-0.013051146384479684,310970
2025-04-07,13435,13435,13165,13165,8306,-0.058970693352394576,310970
2025-04-08,13415,13450,13140,13165,2348,0.0,310970
2025-04-09,13180,13180,12915,12985,4047,-0.013672616786935099,310970
2025-04-10,13440,13895,13345,13770,4931,0.060454370427416304,310970
2025-04-11,13650,13665,13500,13660,2976,-0.007988380537400142,310970
2025-04-14,13865,13870,13740,13765,6523,0.007686676427525629,310970
2025-04-15,13915,13950,13840,13880,2511,0.008354522339266257,310970
2025-04-16,13905,13915,13645,13645,2292,-0.01693083573487031,310970
2025-04-17,13790,13830,13680,13805,3014,0.011725906925613705,310970
2025-04-18,13895,13900,13800,13890,7448,0.00615718942412169,310970
2025-04-21,13960,14005,13885,13895,4100,0.00035997120230391033,310970
2025-04-22,13885,13915,13865,13875,427,-0.0014393666786614023,310970
2025-04-23,14165,14165,14035,14095,1390,0.015855855855855916,310970
2025-04-24,14095,14145,14030,14080,643,-0.0010642071656615792,310970
2025-04-25,14300,14300,14170,14220,1335,0.009943181818181879,310970
2025-04-28,14280,14280,14165,14215,1210,-0.00035161744022504937,310970
2025-04-29,14280,14325,14175,14320,2085,0.007386563489271802,310970
2025-04-30,14345,14345,14195,14215,1729,-0.007332402234636826,310970
2025-05-02,14260,14270,14185,14230,1868,0.0010552233556102575,310970
2025-05-07,14400,14400,14250,14370,8604576,0.00983836964160223,310970
2025-05-08,14440,14440,14320,14320,4940,-0.00347947112038971,310970
2025-05-09,14415,14415,14260,14290,1737,-0.0020949720670391248,310970
2025-05-12,14455,14605,14375,14605,2916,0.022043386983904734,310970
2025-05-13,14605,14645,14460,14510,2282,-0.00650462170489563,310970
2025-05-14,14705,14750,14600,14670,8420,0.01102687801516189,310970
2025-05-15,14735,14740,14575,14575,506,-0.006475800954328537,310970
2025-05-16,14700,14700,14570,14580,6442,0.00034305317324179185,310970
2025-05-19,14465,14520,14385,14485,2621,-0.006515775034293569,310970
2025-05-20,14510,14595,14430,14450,7889,-0.0024162927166033743,310970
2025-05-21,14540,14625,14530,14550,3216,0.006920415224913601,310970
2025-05-22,14545,14545,14330,14390,7011933,-0.010996563573883122,310970
2025-05-23,14390,14430,14335,14395,14002023,0.00034746351633074823,310970
2025-05-26,14395,14590,14375,14590,10405205,0.013546370267453867,310970
2025-05-27,14590,14605,14530,14575,2671,-0.0010281014393420662,310970
2025-05-28,14585,14895,14585,14785,4981,0.0144082332761577,310970
2025-05-29,14910,15090,14900,15090,3308,0.020629015894487734,310970
2025-05-30,15080,15085,14895,14995,7753,-0.006295559973492404,310970
2025-06-02,14965,15070,14885,14925,35607,-0.004668222740913608,310970
2025-06-04,15220,15360,15200,15360,18852,0.029145728643216184,310970
2025-06-05,15420,15780,15420,15705,22164,0.0224609375,310970
2025-06-09,15860,16010,15860,15975,35558,0.017191977077363862,310970
2025-06-10,16090,16090,15880,15985,14014384,0.000625978090766921,310970
2025-06-11,16095,16240,16075,16240,45312,0.015952455426962775,310970
2025-06-12,16250,16315,16165,16265,24756,0.0015394088669951067,310970
2025-06-13,16270,16275,15960,16090,28788,-0.010759299108515252,310970
2025-06-16,16100,16295,16015,16270,19988,0.011187072715972635,310970
2025-06-17,16315,16660,16300,16420,27924,0.009219422249538978,310970
2025-06-18,16295,16575,16255,16530,11636,0.006699147381242332,310970
2025-06-19,16625,16665,16435,16560,16495,0.001814882032667775,310970
2025-06-20,16570,16792,16555,16785,15832,0.013586956521739024,310970
2025-06-23,16755,16760,16495,16720,12623,-0.0038725052129877646,310970
2025-06-24,16980,17320,16955,17320,40029,0.03588516746411474,310970
2025-06-25,17405,17425,17230,17380,17624,0.0034642032332563577,310970
